fold,epoch,train_loss,train_accuracy
0,1,2.4137273979187013,0.17
0,2,2.317856855392456,0.15
1,1,2.472692346572876,0.11
1,2,2.289837646484375,0.14
